{
	"AUTOGEN_COMMAND_LINE_LENGTH_MAX" : 32000,
	"BUILD_DIR" : "D:/COS214_Project_GUI/build/Desktop_Qt_6_6_0_MSVC2019_64bit-Release/COS214_Project_GUI_autogen",
	"CMAKE_BINARY_DIR" : "D:/COS214_Project_GUI/build/Desktop_Qt_6_6_0_MSVC2019_64bit-Release",
	"CMAKE_CURRENT_BINARY_DIR" : "D:/COS214_Project_GUI/build/Desktop_Qt_6_6_0_MSVC2019_64bit-Release",
	"CMAKE_CURRENT_SOURCE_DIR" : "C:/Users/seanv/OneDrive - Mahala.Ms/Uni/COS 214/WorksOnMyMachineTeam/COS214_Project_GUI",
	"CMAKE_EXECUTABLE" : "C:/Qt/Tools/CMake_64/bin/cmake.exe",
	"CMAKE_LIST_FILES" : 
	[
		"C:/Users/seanv/OneDrive - Mahala.Ms/Uni/COS 214/WorksOnMyMachineTeam/COS214_Project_GUI/CMakeLists.txt",
		"D:/COS214_Project_GUI/build/Desktop_Qt_6_6_0_MSVC2019_64bit-Release/.qtc/package-manager/auto-setup.cmake",
		"C:/Qt/Tools/CMake_64/share/cmake-3.29/Modules/CMakeDetermineSystem.cmake",
		"C:/Qt/Tools/CMake_64/share/cmake-3.29/Modules/CMakeSystem.cmake.in",
		"D:/COS214_Project_GUI/build/Desktop_Qt_6_6_0_MSVC2019_64bit-Release/CMakeFiles/3.29.3/CMakeSystem.cmake",
		"C:/Qt/Tools/CMake_64/share/cmake-3.29/Modules/CMakeNinjaFindMake.cmake",
		"C:/Qt/Tools/CMake_64/share/cmake-3.29/Modules/CMakeSystemSpecificInitialize.cmake",
		"C:/Qt/Tools/CMake_64/share/cmake-3.29/Modules/Platform/Windows-Initialize.cmake",
		"C:/Qt/Tools/CMake_64/share/cmake-3.29/Modules/CMakeDetermineCXXCompiler.cmake",
		"C:/Qt/Tools/CMake_64/share/cmake-3.29/Modules/CMakeDetermineCompiler.cmake",
		"C:/Qt/Tools/CMake_64/share/cmake-3.29/Modules/Platform/Windows-Determine-CXX.cmake",
		"C:/Qt/Tools/CMake_64/share/cmake-3.29/Modules/CMakeDetermineCompilerId.cmake",
		"C:/Qt/Tools/CMake_64/share/cmake-3.29/Modules/CMakeCompilerIdDetection.cmake",
		"C:/Qt/Tools/CMake_64/share/cmake-3.29/Modules/Compiler/ADSP-DetermineCompiler.cmake",
		"C:/Qt/Tools/CMake_64/share/cmake-3.29/Modules/Compiler/ARMCC-DetermineCompiler.cmake",
		"C:/Qt/Tools/CMake_64/share/cmake-3.29/Modules/Compiler/ARMClang-DetermineCompiler.cmake",
		"C:/Qt/Tools/CMake_64/share/cmake-3.29/Modules/Compiler/AppleClang-DetermineCompiler.cmake",
		"C:/Qt/Tools/CMake_64/share/cmake-3.29/Modules/Compiler/Clang-DetermineCompilerInternal.cmake",
		"C:/Qt/Tools/CMake_64/share/cmake-3.29/Modules/Compiler/Borland-DetermineCompiler.cmake",
		"C:/Qt/Tools/CMake_64/share/cmake-3.29/Modules/Compiler/Clang-DetermineCompiler.cmake",
		"C:/Qt/Tools/CMake_64/share/cmake-3.29/Modules/Compiler/Clang-DetermineCompilerInternal.cmake",
		"C:/Qt/Tools/CMake_64/share/cmake-3.29/Modules/Compiler/Compaq-CXX-DetermineCompiler.cmake",
		"C:/Qt/Tools/CMake_64/share/cmake-3.29/Modules/Compiler/Cray-DetermineCompiler.cmake",
		"C:/Qt/Tools/CMake_64/share/cmake-3.29/Modules/Compiler/CrayClang-DetermineCompiler.cmake",
		"C:/Qt/Tools/CMake_64/share/cmake-3.29/Modules/Compiler/Embarcadero-DetermineCompiler.cmake",
		"C:/Qt/Tools/CMake_64/share/cmake-3.29/Modules/Compiler/Fujitsu-DetermineCompiler.cmake",
		"C:/Qt/Tools/CMake_64/share/cmake-3.29/Modules/Compiler/FujitsuClang-DetermineCompiler.cmake",
		"C:/Qt/Tools/CMake_64/share/cmake-3.29/Modules/Compiler/GHS-DetermineCompiler.cmake",
		"C:/Qt/Tools/CMake_64/share/cmake-3.29/Modules/Compiler/GNU-CXX-DetermineCompiler.cmake",
		"C:/Qt/Tools/CMake_64/share/cmake-3.29/Modules/Compiler/HP-CXX-DetermineCompiler.cmake",
		"C:/Qt/Tools/CMake_64/share/cmake-3.29/Modules/Compiler/IAR-DetermineCompiler.cmake",
		"C:/Qt/Tools/CMake_64/share/cmake-3.29/Modules/Compiler/IBMClang-CXX-DetermineCompiler.cmake",
		"C:/Qt/Tools/CMake_64/share/cmake-3.29/Modules/Compiler/Intel-DetermineCompiler.cmake",
		"C:/Qt/Tools/CMake_64/share/cmake-3.29/Modules/Compiler/IntelLLVM-DetermineCompiler.cmake",
		"C:/Qt/Tools/CMake_64/share/cmake-3.29/Modules/Compiler/LCC-CXX-DetermineCompiler.cmake",
		"C:/Qt/Tools/CMake_64/share/cmake-3.29/Modules/Compiler/MSVC-DetermineCompiler.cmake",
		"C:/Qt/Tools/CMake_64/share/cmake-3.29/Modules/Compiler/NVHPC-DetermineCompiler.cmake",
		"C:/Qt/Tools/CMake_64/share/cmake-3.29/Modules/Compiler/NVIDIA-DetermineCompiler.cmake",
		"C:/Qt/Tools/CMake_64/share/cmake-3.29/Modules/Compiler/OpenWatcom-DetermineCompiler.cmake",
		"C:/Qt/Tools/CMake_64/share/cmake-3.29/Modules/Compiler/OrangeC-DetermineCompiler.cmake",
		"C:/Qt/Tools/CMake_64/share/cmake-3.29/Modules/Compiler/PGI-DetermineCompiler.cmake",
		"C:/Qt/Tools/CMake_64/share/cmake-3.29/Modules/Compiler/PathScale-DetermineCompiler.cmake",
		"C:/Qt/Tools/CMake_64/share/cmake-3.29/Modules/Compiler/SCO-DetermineCompiler.cmake",
		"C:/Qt/Tools/CMake_64/share/cmake-3.29/Modules/Compiler/SunPro-CXX-DetermineCompiler.cmake",
		"C:/Qt/Tools/CMake_64/share/cmake-3.29/Modules/Compiler/TI-DetermineCompiler.cmake",
		"C:/Qt/Tools/CMake_64/share/cmake-3.29/Modules/Compiler/TIClang-DetermineCompiler.cmake",
		"C:/Qt/Tools/CMake_64/share/cmake-3.29/Modules/Compiler/Tasking-DetermineCompiler.cmake",
		"C:/Qt/Tools/CMake_64/share/cmake-3.29/Modules/Compiler/VisualAge-CXX-DetermineCompiler.cmake",
		"C:/Qt/Tools/CMake_64/share/cmake-3.29/Modules/Compiler/IBMCPP-CXX-DetermineVersionInternal.cmake",
		"C:/Qt/Tools/CMake_64/share/cmake-3.29/Modules/Compiler/Watcom-DetermineCompiler.cmake",
		"C:/Qt/Tools/CMake_64/share/cmake-3.29/Modules/Compiler/XL-CXX-DetermineCompiler.cmake",
		"C:/Qt/Tools/CMake_64/share/cmake-3.29/Modules/Compiler/IBMCPP-CXX-DetermineVersionInternal.cmake",
		"C:/Qt/Tools/CMake_64/share/cmake-3.29/Modules/Compiler/XLClang-CXX-DetermineCompiler.cmake",
		"C:/Qt/Tools/CMake_64/share/cmake-3.29/Modules/Compiler/zOS-CXX-DetermineCompiler.cmake",
		"C:/Qt/Tools/CMake_64/share/cmake-3.29/Modules/Compiler/IBMCPP-CXX-DetermineVersionInternal.cmake",
		"C:/Qt/Tools/CMake_64/share/cmake-3.29/Modules/CMakeFindBinUtils.cmake",
		"C:/Qt/Tools/CMake_64/share/cmake-3.29/Modules/CMakeCXXCompiler.cmake.in",
		"D:/COS214_Project_GUI/build/Desktop_Qt_6_6_0_MSVC2019_64bit-Release/CMakeFiles/3.29.3/CMakeCXXCompiler.cmake",
		"C:/Qt/Tools/CMake_64/share/cmake-3.29/Modules/CMakeSystemSpecificInformation.cmake",
		"C:/Qt/Tools/CMake_64/share/cmake-3.29/Modules/CMakeGenericSystem.cmake",
		"C:/Qt/Tools/CMake_64/share/cmake-3.29/Modules/CMakeInitializeConfigs.cmake",
		"C:/Qt/Tools/CMake_64/share/cmake-3.29/Modules/Platform/Windows.cmake",
		"C:/Qt/Tools/CMake_64/share/cmake-3.29/Modules/Platform/WindowsPaths.cmake",
		"C:/Qt/Tools/CMake_64/share/cmake-3.29/Modules/CMakeCXXInformation.cmake",
		"C:/Qt/Tools/CMake_64/share/cmake-3.29/Modules/CMakeLanguageInformation.cmake",
		"C:/Qt/Tools/CMake_64/share/cmake-3.29/Modules/Compiler/MSVC-CXX.cmake",
		"C:/Qt/Tools/CMake_64/share/cmake-3.29/Modules/Compiler/MSVC.cmake",
		"C:/Qt/Tools/CMake_64/share/cmake-3.29/Modules/Compiler/CMakeCommonCompilerMacros.cmake",
		"C:/Qt/Tools/CMake_64/share/cmake-3.29/Modules/Platform/Windows-MSVC-CXX.cmake",
		"C:/Qt/Tools/CMake_64/share/cmake-3.29/Modules/Platform/Windows-MSVC.cmake",
		"C:/Qt/Tools/CMake_64/share/cmake-3.29/Modules/CMakeDetermineRCCompiler.cmake",
		"C:/Qt/Tools/CMake_64/share/cmake-3.29/Modules/CMakeRCCompiler.cmake.in",
		"D:/COS214_Project_GUI/build/Desktop_Qt_6_6_0_MSVC2019_64bit-Release/CMakeFiles/3.29.3/CMakeRCCompiler.cmake",
		"C:/Qt/Tools/CMake_64/share/cmake-3.29/Modules/CMakeRCInformation.cmake",
		"C:/Qt/Tools/CMake_64/share/cmake-3.29/Modules/CMakeTestRCCompiler.cmake",
		"C:/Qt/Tools/CMake_64/share/cmake-3.29/Modules/CMakeCommonLanguageInclude.cmake",
		"C:/Qt/Tools/CMake_64/share/cmake-3.29/Modules/CMakeTestCXXCompiler.cmake",
		"C:/Qt/Tools/CMake_64/share/cmake-3.29/Modules/CMakeTestCompilerCommon.cmake",
		"C:/Qt/Tools/CMake_64/share/cmake-3.29/Modules/CMakeDetermineCompilerABI.cmake",
		"C:/Qt/Tools/CMake_64/share/cmake-3.29/Modules/Internal/CMakeDetermineLinkerId.cmake",
		"C:/Qt/Tools/CMake_64/share/cmake-3.29/Modules/CMakeParseImplicitIncludeInfo.cmake",
		"C:/Qt/Tools/CMake_64/share/cmake-3.29/Modules/CMakeParseImplicitLinkInfo.cmake",
		"C:/Qt/Tools/CMake_64/share/cmake-3.29/Modules/CMakeParseLibraryArchitecture.cmake",
		"C:/Qt/Tools/CMake_64/share/cmake-3.29/Modules/CMakeTestCompilerCommon.cmake",
		"C:/Qt/Tools/CMake_64/share/cmake-3.29/Modules/CMakeCXXCompilerABI.cpp",
		"C:/Qt/Tools/CMake_64/share/cmake-3.29/Modules/CMakeDetermineCompileFeatures.cmake",
		"C:/Qt/Tools/CMake_64/share/cmake-3.29/Modules/Internal/FeatureTesting.cmake",
		"C:/Qt/Tools/CMake_64/share/cmake-3.29/Modules/CMakeCXXCompiler.cmake.in",
		"D:/COS214_Project_GUI/build/Desktop_Qt_6_6_0_MSVC2019_64bit-Release/CMakeFiles/3.29.3/CMakeCXXCompiler.cmake",
		"C:/Qt/6.6.0/msvc2019_64/lib/cmake/Qt6/Qt6ConfigVersion.cmake",
		"C:/Qt/6.6.0/msvc2019_64/lib/cmake/Qt6/Qt6ConfigVersionImpl.cmake",
		"C:/Qt/6.6.0/msvc2019_64/lib/cmake/Qt6/Qt6Config.cmake",
		"C:/Qt/6.6.0/msvc2019_64/lib/cmake/Qt6/Qt6ConfigExtras.cmake",
		"C:/Qt/6.6.0/msvc2019_64/lib/cmake/Qt6/QtPublicCMakeVersionHelpers.cmake",
		"C:/Qt/6.6.0/msvc2019_64/lib/cmake/Qt6/Qt6Targets.cmake",
		"C:/Qt/6.6.0/msvc2019_64/lib/cmake/Qt6/Qt6VersionlessTargets.cmake",
		"C:/Qt/6.6.0/msvc2019_64/lib/cmake/Qt6/QtFeature.cmake",
		"C:/Qt/6.6.0/msvc2019_64/lib/cmake/Qt6/QtFeatureCommon.cmake",
		"C:/Qt/Tools/CMake_64/share/cmake-3.29/Modules/CheckCXXCompilerFlag.cmake",
		"C:/Qt/Tools/CMake_64/share/cmake-3.29/Modules/Internal/CheckCompilerFlag.cmake",
		"C:/Qt/Tools/CMake_64/share/cmake-3.29/Modules/Internal/CheckFlagCommonConfig.cmake",
		"C:/Qt/Tools/CMake_64/share/cmake-3.29/Modules/Internal/CheckSourceCompiles.cmake",
		"C:/Qt/Tools/CMake_64/share/cmake-3.29/Modules/CMakeCheckCompilerFlagCommonPatterns.cmake",
		"C:/Qt/Tools/CMake_64/share/cmake-3.29/Modules/CheckCXXSourceCompiles.cmake",
		"C:/Qt/Tools/CMake_64/share/cmake-3.29/Modules/Internal/CheckSourceCompiles.cmake",
		"C:/Qt/6.6.0/msvc2019_64/lib/cmake/Qt6/QtPublicAppleHelpers.cmake",
		"C:/Qt/6.6.0/msvc2019_64/lib/cmake/Qt6/QtPublicFinalizerHelpers.cmake",
		"C:/Qt/6.6.0/msvc2019_64/lib/cmake/Qt6/QtPublicPluginHelpers.cmake",
		"C:/Qt/6.6.0/msvc2019_64/lib/cmake/Qt6/QtPublicTargetHelpers.cmake",
		"C:/Qt/6.6.0/msvc2019_64/lib/cmake/Qt6/QtPublicWalkLibsHelpers.cmake",
		"C:/Qt/6.6.0/msvc2019_64/lib/cmake/Qt6/QtPublicFindPackageHelpers.cmake",
		"C:/Qt/6.6.0/msvc2019_64/lib/cmake/Qt6/QtPublicDependencyHelpers.cmake",
		"C:/Qt/6.6.0/msvc2019_64/lib/cmake/Qt6/QtPublicTestHelpers.cmake",
		"C:/Qt/6.6.0/msvc2019_64/lib/cmake/Qt6/QtPublicToolHelpers.cmake",
		"C:/Qt/6.6.0/msvc2019_64/lib/cmake/Qt6/QtPublicCMakeHelpers.cmake",
		"C:/Qt/Tools/CMake_64/share/cmake-3.29/Modules/CMakeFindDependencyMacro.cmake",
		"C:/Qt/6.6.0/msvc2019_64/lib/cmake/Qt6/Qt6Dependencies.cmake",
		"C:/Qt/Tools/CMake_64/share/cmake-3.29/Modules/FindThreads.cmake",
		"C:/Qt/Tools/CMake_64/share/cmake-3.29/Modules/CheckLibraryExists.cmake",
		"C:/Qt/Tools/CMake_64/share/cmake-3.29/Modules/CheckIncludeFileCXX.cmake",
		"C:/Qt/Tools/CMake_64/share/cmake-3.29/Modules/CheckCXXSourceCompiles.cmake",
		"C:/Qt/Tools/CMake_64/share/cmake-3.29/Modules/FindPackageHandleStandardArgs.cmake",
		"C:/Qt/Tools/CMake_64/share/cmake-3.29/Modules/FindPackageMessage.cmake",
		"C:/Qt/6.6.0/msvc2019_64/lib/cmake/Qt6/Qt6ConfigVersion.cmake",
		"C:/Qt/6.6.0/msvc2019_64/lib/cmake/Qt6/Qt6ConfigVersionImpl.cmake",
		"C:/Qt/6.6.0/msvc2019_64/lib/cmake/Qt6/Qt6Config.cmake",
		"C:/Qt/6.6.0/msvc2019_64/lib/cmake/Qt6/Qt6ConfigExtras.cmake",
		"C:/Qt/6.6.0/msvc2019_64/lib/cmake/Qt6/QtPublicCMakeVersionHelpers.cmake",
		"C:/Qt/6.6.0/msvc2019_64/lib/cmake/Qt6/Qt6Targets.cmake",
		"C:/Qt/6.6.0/msvc2019_64/lib/cmake/Qt6/Qt6VersionlessTargets.cmake",
		"C:/Qt/6.6.0/msvc2019_64/lib/cmake/Qt6/QtFeature.cmake",
		"C:/Qt/6.6.0/msvc2019_64/lib/cmake/Qt6/QtFeatureCommon.cmake",
		"C:/Qt/Tools/CMake_64/share/cmake-3.29/Modules/CheckCXXCompilerFlag.cmake",
		"C:/Qt/6.6.0/msvc2019_64/lib/cmake/Qt6/QtPublicAppleHelpers.cmake",
		"C:/Qt/6.6.0/msvc2019_64/lib/cmake/Qt6/QtPublicFinalizerHelpers.cmake",
		"C:/Qt/6.6.0/msvc2019_64/lib/cmake/Qt6/QtPublicPluginHelpers.cmake",
		"C:/Qt/6.6.0/msvc2019_64/lib/cmake/Qt6/QtPublicTargetHelpers.cmake",
		"C:/Qt/6.6.0/msvc2019_64/lib/cmake/Qt6/QtPublicWalkLibsHelpers.cmake",
		"C:/Qt/6.6.0/msvc2019_64/lib/cmake/Qt6/QtPublicFindPackageHelpers.cmake",
		"C:/Qt/6.6.0/msvc2019_64/lib/cmake/Qt6/QtPublicDependencyHelpers.cmake",
		"C:/Qt/6.6.0/msvc2019_64/lib/cmake/Qt6/QtPublicTestHelpers.cmake",
		"C:/Qt/6.6.0/msvc2019_64/lib/cmake/Qt6/QtPublicToolHelpers.cmake",
		"C:/Qt/6.6.0/msvc2019_64/lib/cmake/Qt6/QtPublicCMakeHelpers.cmake",
		"C:/Qt/Tools/CMake_64/share/cmake-3.29/Modules/CMakeFindDependencyMacro.cmake",
		"C:/Qt/6.6.0/msvc2019_64/lib/cmake/Qt6/Qt6Dependencies.cmake",
		"C:/Qt/6.6.0/msvc2019_64/lib/cmake/Qt6Widgets/Qt6WidgetsConfigVersion.cmake",
		"C:/Qt/6.6.0/msvc2019_64/lib/cmake/Qt6Widgets/Qt6WidgetsConfigVersionImpl.cmake",
		"C:/Qt/6.6.0/msvc2019_64/lib/cmake/Qt6Widgets/Qt6WidgetsConfig.cmake",
		"C:/Qt/Tools/CMake_64/share/cmake-3.29/Modules/CMakeFindDependencyMacro.cmake",
		"C:/Qt/6.6.0/msvc2019_64/lib/cmake/Qt6Widgets/Qt6WidgetsDependencies.cmake",
		"C:/Qt/6.6.0/msvc2019_64/lib/cmake/Qt6WidgetsTools/Qt6WidgetsToolsConfigVersion.cmake",
		"C:/Qt/6.6.0/msvc2019_64/lib/cmake/Qt6WidgetsTools/Qt6WidgetsToolsConfigVersionImpl.cmake",
		"C:/Qt/6.6.0/msvc2019_64/lib/cmake/Qt6WidgetsTools/Qt6WidgetsToolsConfig.cmake",
		"C:/Qt/Tools/CMake_64/share/cmake-3.29/Modules/CMakeFindDependencyMacro.cmake",
		"C:/Qt/6.6.0/msvc2019_64/lib/cmake/Qt6WidgetsTools/Qt6WidgetsToolsDependencies.cmake",
		"C:/Qt/6.6.0/msvc2019_64/lib/cmake/Qt6CoreTools/Qt6CoreToolsConfigVersion.cmake",
		"C:/Qt/6.6.0/msvc2019_64/lib/cmake/Qt6CoreTools/Qt6CoreToolsConfigVersionImpl.cmake",
		"C:/Qt/6.6.0/msvc2019_64/lib/cmake/Qt6CoreTools/Qt6CoreToolsConfig.cmake",
		"C:/Qt/Tools/CMake_64/share/cmake-3.29/Modules/CMakeFindDependencyMacro.cmake",
		"C:/Qt/6.6.0/msvc2019_64/lib/cmake/Qt6CoreTools/Qt6CoreToolsDependencies.cmake",
		"C:/Qt/6.6.0/msvc2019_64/lib/cmake/Qt6CoreTools/Qt6CoreToolsTargets.cmake",
		"C:/Qt/6.6.0/msvc2019_64/lib/cmake/Qt6CoreTools/Qt6CoreToolsTargets-debug.cmake",
		"C:/Qt/6.6.0/msvc2019_64/lib/cmake/Qt6CoreTools/Qt6CoreToolsTargets-relwithdebinfo.cmake",
		"C:/Qt/6.6.0/msvc2019_64/lib/cmake/Qt6CoreTools/Qt6CoreToolsAdditionalTargetInfo.cmake",
		"C:/Qt/6.6.0/msvc2019_64/lib/cmake/Qt6CoreTools/Qt6CoreToolsVersionlessTargets.cmake",
		"C:/Qt/6.6.0/msvc2019_64/lib/cmake/Qt6GuiTools/Qt6GuiToolsConfigVersion.cmake",
		"C:/Qt/6.6.0/msvc2019_64/lib/cmake/Qt6GuiTools/Qt6GuiToolsConfigVersionImpl.cmake",
		"C:/Qt/6.6.0/msvc2019_64/lib/cmake/Qt6GuiTools/Qt6GuiToolsConfig.cmake",
		"C:/Qt/Tools/CMake_64/share/cmake-3.29/Modules/CMakeFindDependencyMacro.cmake",
		"C:/Qt/6.6.0/msvc2019_64/lib/cmake/Qt6GuiTools/Qt6GuiToolsDependencies.cmake",
		"C:/Qt/6.6.0/msvc2019_64/lib/cmake/Qt6GuiTools/Qt6GuiToolsTargets.cmake",
		"C:/Qt/6.6.0/msvc2019_64/lib/cmake/Qt6GuiTools/Qt6GuiToolsTargets-debug.cmake",
		"C:/Qt/6.6.0/msvc2019_64/lib/cmake/Qt6GuiTools/Qt6GuiToolsTargets-relwithdebinfo.cmake",
		"C:/Qt/6.6.0/msvc2019_64/lib/cmake/Qt6GuiTools/Qt6GuiToolsAdditionalTargetInfo.cmake",
		"C:/Qt/6.6.0/msvc2019_64/lib/cmake/Qt6GuiTools/Qt6GuiToolsVersionlessTargets.cmake",
		"C:/Qt/6.6.0/msvc2019_64/lib/cmake/Qt6WidgetsTools/Qt6WidgetsToolsTargets.cmake",
		"C:/Qt/6.6.0/msvc2019_64/lib/cmake/Qt6WidgetsTools/Qt6WidgetsToolsTargets-debug.cmake",
		"C:/Qt/6.6.0/msvc2019_64/lib/cmake/Qt6WidgetsTools/Qt6WidgetsToolsTargets-relwithdebinfo.cmake",
		"C:/Qt/6.6.0/msvc2019_64/lib/cmake/Qt6WidgetsTools/Qt6WidgetsToolsAdditionalTargetInfo.cmake",
		"C:/Qt/6.6.0/msvc2019_64/lib/cmake/Qt6WidgetsTools/Qt6WidgetsToolsVersionlessTargets.cmake",
		"C:/Qt/6.6.0/msvc2019_64/lib/cmake/Qt6Core/Qt6CoreConfigVersion.cmake",
		"C:/Qt/6.6.0/msvc2019_64/lib/cmake/Qt6Core/Qt6CoreConfigVersionImpl.cmake",
		"C:/Qt/6.6.0/msvc2019_64/lib/cmake/Qt6Core/Qt6CoreConfig.cmake",
		"C:/Qt/Tools/CMake_64/share/cmake-3.29/Modules/CMakeFindDependencyMacro.cmake",
		"C:/Qt/6.6.0/msvc2019_64/lib/cmake/Qt6Core/Qt6CoreDependencies.cmake",
		"C:/Qt/6.6.0/msvc2019_64/lib/cmake/Qt6/FindWrapAtomic.cmake",
		"C:/Qt/Tools/CMake_64/share/cmake-3.29/Modules/CheckCXXSourceCompiles.cmake",
		"C:/Qt/Tools/CMake_64/share/cmake-3.29/Modules/FindPackageHandleStandardArgs.cmake",
		"C:/Qt/Tools/CMake_64/share/cmake-3.29/Modules/FindPackageMessage.cmake",
		"C:/Qt/6.6.0/msvc2019_64/lib/cmake/Qt6CoreTools/Qt6CoreToolsConfigVersion.cmake",
		"C:/Qt/6.6.0/msvc2019_64/lib/cmake/Qt6CoreTools/Qt6CoreToolsConfigVersionImpl.cmake",
		"C:/Qt/6.6.0/msvc2019_64/lib/cmake/Qt6CoreTools/Qt6CoreToolsConfig.cmake",
		"C:/Qt/Tools/CMake_64/share/cmake-3.29/Modules/CMakeFindDependencyMacro.cmake",
		"C:/Qt/6.6.0/msvc2019_64/lib/cmake/Qt6CoreTools/Qt6CoreToolsDependencies.cmake",
		"C:/Qt/6.6.0/msvc2019_64/lib/cmake/Qt6CoreTools/Qt6CoreToolsTargets.cmake",
		"C:/Qt/6.6.0/msvc2019_64/lib/cmake/Qt6CoreTools/Qt6CoreToolsAdditionalTargetInfo.cmake",
		"C:/Qt/6.6.0/msvc2019_64/lib/cmake/Qt6CoreTools/Qt6CoreToolsVersionlessTargets.cmake",
		"C:/Qt/6.6.0/msvc2019_64/lib/cmake/Qt6ZlibPrivate/Qt6ZlibPrivateConfigVersion.cmake",
		"C:/Qt/6.6.0/msvc2019_64/lib/cmake/Qt6ZlibPrivate/Qt6ZlibPrivateConfigVersionImpl.cmake",
		"C:/Qt/6.6.0/msvc2019_64/lib/cmake/Qt6ZlibPrivate/Qt6ZlibPrivateConfig.cmake",
		"C:/Qt/Tools/CMake_64/share/cmake-3.29/Modules/CMakeFindDependencyMacro.cmake",
		"C:/Qt/6.6.0/msvc2019_64/lib/cmake/Qt6ZlibPrivate/Qt6ZlibPrivateTargets.cmake",
		"C:/Qt/6.6.0/msvc2019_64/lib/cmake/Qt6ZlibPrivate/Qt6ZlibPrivateAdditionalTargetInfo.cmake",
		"C:/Qt/6.6.0/msvc2019_64/lib/cmake/Qt6ZlibPrivate/Qt6ZlibPrivateVersionlessTargets.cmake",
		"C:/Qt/6.6.0/msvc2019_64/lib/cmake/Qt6EntryPointPrivate/Qt6EntryPointPrivateConfigVersion.cmake",
		"C:/Qt/6.6.0/msvc2019_64/lib/cmake/Qt6EntryPointPrivate/Qt6EntryPointPrivateConfigVersionImpl.cmake",
		"C:/Qt/6.6.0/msvc2019_64/lib/cmake/Qt6EntryPointPrivate/Qt6EntryPointPrivateConfig.cmake",
		"C:/Qt/Tools/CMake_64/share/cmake-3.29/Modules/CMakeFindDependencyMacro.cmake",
		"C:/Qt/6.6.0/msvc2019_64/lib/cmake/Qt6EntryPointPrivate/Qt6EntryPointPrivateTargets.cmake",
		"C:/Qt/6.6.0/msvc2019_64/lib/cmake/Qt6EntryPointPrivate/Qt6EntryPointPrivateTargets-debug.cmake",
		"C:/Qt/6.6.0/msvc2019_64/lib/cmake/Qt6EntryPointPrivate/Qt6EntryPointPrivateTargets-relwithdebinfo.cmake",
		"C:/Qt/6.6.0/msvc2019_64/lib/cmake/Qt6EntryPointPrivate/Qt6EntryPointPrivateAdditionalTargetInfo.cmake",
		"C:/Qt/6.6.0/msvc2019_64/lib/cmake/Qt6EntryPointPrivate/Qt6EntryPointPrivateVersionlessTargets.cmake",
		"C:/Qt/6.6.0/msvc2019_64/lib/cmake/Qt6Core/Qt6CoreTargets.cmake",
		"C:/Qt/6.6.0/msvc2019_64/lib/cmake/Qt6Core/Qt6CoreTargets-debug.cmake",
		"C:/Qt/6.6.0/msvc2019_64/lib/cmake/Qt6Core/Qt6CoreTargets-relwithdebinfo.cmake",
		"C:/Qt/6.6.0/msvc2019_64/lib/cmake/Qt6Core/Qt6CoreAdditionalTargetInfo.cmake",
		"C:/Qt/6.6.0/msvc2019_64/lib/cmake/Qt6Core/Qt6CoreVersionlessTargets.cmake",
		"C:/Qt/6.6.0/msvc2019_64/lib/cmake/Qt6Core/Qt6CoreMacros.cmake",
		"C:/Qt/6.6.0/msvc2019_64/lib/cmake/Qt6Core/Qt6CoreConfigExtras.cmake",
		"C:/Qt/6.6.0/msvc2019_64/lib/cmake/Qt6Core/QtInstallPaths.cmake",
		"C:/Qt/Tools/CMake_64/share/cmake-3.29/Modules/GNUInstallDirs.cmake",
		"C:/Qt/6.6.0/msvc2019_64/lib/cmake/Qt6Gui/Qt6GuiConfigVersion.cmake",
		"C:/Qt/6.6.0/msvc2019_64/lib/cmake/Qt6Gui/Qt6GuiConfigVersionImpl.cmake",
		"C:/Qt/6.6.0/msvc2019_64/lib/cmake/Qt6Gui/Qt6GuiConfig.cmake",
		"C:/Qt/Tools/CMake_64/share/cmake-3.29/Modules/CMakeFindDependencyMacro.cmake",
		"C:/Qt/6.6.0/msvc2019_64/lib/cmake/Qt6Gui/Qt6GuiDependencies.cmake",
		"C:/Qt/6.6.0/msvc2019_64/lib/cmake/Qt6/FindWrapVulkanHeaders.cmake",
		"C:/Qt/Tools/CMake_64/share/cmake-3.29/Modules/FindVulkan.cmake",
		"C:/Qt/Tools/CMake_64/share/cmake-3.29/Modules/FindPackageHandleStandardArgs.cmake",
		"C:/Qt/Tools/CMake_64/share/cmake-3.29/Modules/FindPackageMessage.cmake",
		"C:/Qt/Tools/CMake_64/share/cmake-3.29/Modules/FindPackageHandleStandardArgs.cmake",
		"C:/Qt/Tools/CMake_64/share/cmake-3.29/Modules/FindPackageMessage.cmake",
		"C:/Qt/6.6.0/msvc2019_64/lib/cmake/Qt6GuiTools/Qt6GuiToolsConfigVersion.cmake",
		"C:/Qt/6.6.0/msvc2019_64/lib/cmake/Qt6GuiTools/Qt6GuiToolsConfigVersionImpl.cmake",
		"C:/Qt/6.6.0/msvc2019_64/lib/cmake/Qt6GuiTools/Qt6GuiToolsConfig.cmake",
		"C:/Qt/Tools/CMake_64/share/cmake-3.29/Modules/CMakeFindDependencyMacro.cmake",
		"C:/Qt/6.6.0/msvc2019_64/lib/cmake/Qt6GuiTools/Qt6GuiToolsDependencies.cmake",
		"C:/Qt/6.6.0/msvc2019_64/lib/cmake/Qt6GuiTools/Qt6GuiToolsTargets.cmake",
		"C:/Qt/6.6.0/msvc2019_64/lib/cmake/Qt6GuiTools/Qt6GuiToolsAdditionalTargetInfo.cmake",
		"C:/Qt/6.6.0/msvc2019_64/lib/cmake/Qt6GuiTools/Qt6GuiToolsVersionlessTargets.cmake",
		"C:/Qt/6.6.0/msvc2019_64/lib/cmake/Qt6Gui/Qt6GuiTargets.cmake",
		"C:/Qt/6.6.0/msvc2019_64/lib/cmake/Qt6Gui/Qt6GuiTargets-debug.cmake",
		"C:/Qt/6.6.0/msvc2019_64/lib/cmake/Qt6Gui/Qt6GuiTargets-relwithdebinfo.cmake",
		"C:/Qt/6.6.0/msvc2019_64/lib/cmake/Qt6Gui/Qt6GuiAdditionalTargetInfo.cmake",
		"C:/Qt/6.6.0/msvc2019_64/lib/cmake/Qt6Gui/Qt6GuiVersionlessTargets.cmake",
		"C:/Qt/6.6.0/msvc2019_64/lib/cmake/Qt6Gui/Qt6GuiPlugins.cmake",
		"C:/Qt/6.6.0/msvc2019_64/lib/cmake/Qt6Gui/Qt6QGifPluginConfig.cmake",
		"C:/Qt/Tools/CMake_64/share/cmake-3.29/Modules/CMakeFindDependencyMacro.cmake",
		"C:/Qt/6.6.0/msvc2019_64/lib/cmake/Qt6Gui/Qt6QGifPluginTargets.cmake",
		"C:/Qt/6.6.0/msvc2019_64/lib/cmake/Qt6Gui/Qt6QGifPluginTargets-debug.cmake",
		"C:/Qt/6.6.0/msvc2019_64/lib/cmake/Qt6Gui/Qt6QGifPluginTargets-relwithdebinfo.cmake",
		"C:/Qt/6.6.0/msvc2019_64/lib/cmake/Qt6Gui/Qt6QGifPluginAdditionalTargetInfo.cmake",
		"C:/Qt/6.6.0/msvc2019_64/lib/cmake/Qt6Gui/Qt6QICNSPluginConfig.cmake",
		"C:/Qt/Tools/CMake_64/share/cmake-3.29/Modules/CMakeFindDependencyMacro.cmake",
		"C:/Qt/6.6.0/msvc2019_64/lib/cmake/Qt6Gui/Qt6QICNSPluginTargets.cmake",
		"C:/Qt/6.6.0/msvc2019_64/lib/cmake/Qt6Gui/Qt6QICNSPluginTargets-debug.cmake",
		"C:/Qt/6.6.0/msvc2019_64/lib/cmake/Qt6Gui/Qt6QICNSPluginTargets-relwithdebinfo.cmake",
		"C:/Qt/6.6.0/msvc2019_64/lib/cmake/Qt6Gui/Qt6QICNSPluginAdditionalTargetInfo.cmake",
		"C:/Qt/6.6.0/msvc2019_64/lib/cmake/Qt6Gui/Qt6QICOPluginConfig.cmake",
		"C:/Qt/Tools/CMake_64/share/cmake-3.29/Modules/CMakeFindDependencyMacro.cmake",
		"C:/Qt/6.6.0/msvc2019_64/lib/cmake/Qt6Gui/Qt6QICOPluginTargets.cmake",
		"C:/Qt/6.6.0/msvc2019_64/lib/cmake/Qt6Gui/Qt6QICOPluginTargets-debug.cmake",
		"C:/Qt/6.6.0/msvc2019_64/lib/cmake/Qt6Gui/Qt6QICOPluginTargets-relwithdebinfo.cmake",
		"C:/Qt/6.6.0/msvc2019_64/lib/cmake/Qt6Gui/Qt6QICOPluginAdditionalTargetInfo.cmake",
		"C:/Qt/6.6.0/msvc2019_64/lib/cmake/Qt6Gui/Qt6QInsightTrackerPluginConfig.cmake",
		"C:/Qt/Tools/CMake_64/share/cmake-3.29/Modules/CMakeFindDependencyMacro.cmake",
		"C:/Qt/6.6.0/msvc2019_64/lib/cmake/Qt6Gui/Qt6QInsightTrackerPluginTargets.cmake",
		"C:/Qt/6.6.0/msvc2019_64/lib/cmake/Qt6Gui/Qt6QInsightTrackerPluginTargets-debug.cmake",
		"C:/Qt/6.6.0/msvc2019_64/lib/cmake/Qt6Gui/Qt6QInsightTrackerPluginTargets-relwithdebinfo.cmake",
		"C:/Qt/6.6.0/msvc2019_64/lib/cmake/Qt6Gui/Qt6QInsightTrackerPluginAdditionalTargetInfo.cmake",
		"C:/Qt/6.6.0/msvc2019_64/lib/cmake/Qt6Gui/Qt6QJpegPluginConfig.cmake",
		"C:/Qt/Tools/CMake_64/share/cmake-3.29/Modules/CMakeFindDependencyMacro.cmake",
		"C:/Qt/6.6.0/msvc2019_64/lib/cmake/Qt6Gui/Qt6QJpegPluginTargets.cmake",
		"C:/Qt/6.6.0/msvc2019_64/lib/cmake/Qt6Gui/Qt6QJpegPluginTargets-debug.cmake",
		"C:/Qt/6.6.0/msvc2019_64/lib/cmake/Qt6Gui/Qt6QJpegPluginTargets-relwithdebinfo.cmake",
		"C:/Qt/6.6.0/msvc2019_64/lib/cmake/Qt6Gui/Qt6QJpegPluginAdditionalTargetInfo.cmake",
		"C:/Qt/6.6.0/msvc2019_64/lib/cmake/Qt6Gui/Qt6QMinimalIntegrationPluginConfig.cmake",
		"C:/Qt/Tools/CMake_64/share/cmake-3.29/Modules/CMakeFindDependencyMacro.cmake",
		"C:/Qt/6.6.0/msvc2019_64/lib/cmake/Qt6Gui/Qt6QMinimalIntegrationPluginTargets.cmake",
		"C:/Qt/6.6.0/msvc2019_64/lib/cmake/Qt6Gui/Qt6QMinimalIntegrationPluginTargets-debug.cmake",
		"C:/Qt/6.6.0/msvc2019_64/lib/cmake/Qt6Gui/Qt6QMinimalIntegrationPluginTargets-relwithdebinfo.cmake",
		"C:/Qt/6.6.0/msvc2019_64/lib/cmake/Qt6Gui/Qt6QMinimalIntegrationPluginAdditionalTargetInfo.cmake",
		"C:/Qt/6.6.0/msvc2019_64/lib/cmake/Qt6Gui/Qt6QOffscreenIntegrationPluginConfig.cmake",
		"C:/Qt/Tools/CMake_64/share/cmake-3.29/Modules/CMakeFindDependencyMacro.cmake",
		"C:/Qt/6.6.0/msvc2019_64/lib/cmake/Qt6Gui/Qt6QOffscreenIntegrationPluginTargets.cmake",
		"C:/Qt/6.6.0/msvc2019_64/lib/cmake/Qt6Gui/Qt6QOffscreenIntegrationPluginTargets-debug.cmake",
		"C:/Qt/6.6.0/msvc2019_64/lib/cmake/Qt6Gui/Qt6QOffscreenIntegrationPluginTargets-relwithdebinfo.cmake",
		"C:/Qt/6.6.0/msvc2019_64/lib/cmake/Qt6Gui/Qt6QOffscreenIntegrationPluginAdditionalTargetInfo.cmake",
		"C:/Qt/6.6.0/msvc2019_64/lib/cmake/Qt6Gui/Qt6QPdfPluginConfig.cmake",
		"C:/Qt/Tools/CMake_64/share/cmake-3.29/Modules/CMakeFindDependencyMacro.cmake",
		"C:/Qt/6.6.0/msvc2019_64/lib/cmake/Qt6Gui/Qt6QPdfPluginTargets.cmake",
		"C:/Qt/6.6.0/msvc2019_64/lib/cmake/Qt6Gui/Qt6QPdfPluginTargets-debug.cmake",
		"C:/Qt/6.6.0/msvc2019_64/lib/cmake/Qt6Gui/Qt6QPdfPluginTargets-relwithdebinfo.cmake",
		"C:/Qt/6.6.0/msvc2019_64/lib/cmake/Qt6Gui/Qt6QPdfPluginAdditionalTargetInfo.cmake",
		"C:/Qt/6.6.0/msvc2019_64/lib/cmake/Qt6Gui/Qt6QSvgIconPluginConfig.cmake",
		"C:/Qt/Tools/CMake_64/share/cmake-3.29/Modules/CMakeFindDependencyMacro.cmake",
		"C:/Qt/6.6.0/msvc2019_64/lib/cmake/Qt6Gui/Qt6QSvgIconPluginTargets.cmake",
		"C:/Qt/6.6.0/msvc2019_64/lib/cmake/Qt6Gui/Qt6QSvgIconPluginTargets-debug.cmake",
		"C:/Qt/6.6.0/msvc2019_64/lib/cmake/Qt6Gui/Qt6QSvgIconPluginTargets-relwithdebinfo.cmake",
		"C:/Qt/6.6.0/msvc2019_64/lib/cmake/Qt6Gui/Qt6QSvgIconPluginAdditionalTargetInfo.cmake",
		"C:/Qt/6.6.0/msvc2019_64/lib/cmake/Qt6Gui/Qt6QSvgPluginConfig.cmake",
		"C:/Qt/Tools/CMake_64/share/cmake-3.29/Modules/CMakeFindDependencyMacro.cmake",
		"C:/Qt/6.6.0/msvc2019_64/lib/cmake/Qt6Gui/Qt6QSvgPluginTargets.cmake",
		"C:/Qt/6.6.0/msvc2019_64/lib/cmake/Qt6Gui/Qt6QSvgPluginTargets-debug.cmake",
		"C:/Qt/6.6.0/msvc2019_64/lib/cmake/Qt6Gui/Qt6QSvgPluginTargets-relwithdebinfo.cmake",
		"C:/Qt/6.6.0/msvc2019_64/lib/cmake/Qt6Gui/Qt6QSvgPluginAdditionalTargetInfo.cmake",
		"C:/Qt/6.6.0/msvc2019_64/lib/cmake/Qt6Gui/Qt6QTgaPluginConfig.cmake",
		"C:/Qt/Tools/CMake_64/share/cmake-3.29/Modules/CMakeFindDependencyMacro.cmake",
		"C:/Qt/6.6.0/msvc2019_64/lib/cmake/Qt6Gui/Qt6QTgaPluginTargets.cmake",
		"C:/Qt/6.6.0/msvc2019_64/lib/cmake/Qt6Gui/Qt6QTgaPluginTargets-debug.cmake",
		"C:/Qt/6.6.0/msvc2019_64/lib/cmake/Qt6Gui/Qt6QTgaPluginTargets-relwithdebinfo.cmake",
		"C:/Qt/6.6.0/msvc2019_64/lib/cmake/Qt6Gui/Qt6QTgaPluginAdditionalTargetInfo.cmake",
		"C:/Qt/6.6.0/msvc2019_64/lib/cmake/Qt6Gui/Qt6QTiffPluginConfig.cmake",
		"C:/Qt/Tools/CMake_64/share/cmake-3.29/Modules/CMakeFindDependencyMacro.cmake",
		"C:/Qt/6.6.0/msvc2019_64/lib/cmake/Qt6Gui/Qt6QTiffPluginTargets.cmake",
		"C:/Qt/6.6.0/msvc2019_64/lib/cmake/Qt6Gui/Qt6QTiffPluginTargets-debug.cmake",
		"C:/Qt/6.6.0/msvc2019_64/lib/cmake/Qt6Gui/Qt6QTiffPluginTargets-relwithdebinfo.cmake",
		"C:/Qt/6.6.0/msvc2019_64/lib/cmake/Qt6Gui/Qt6QTiffPluginAdditionalTargetInfo.cmake",
		"C:/Qt/6.6.0/msvc2019_64/lib/cmake/Qt6Gui/Qt6QTuioTouchPluginConfig.cmake",
		"C:/Qt/Tools/CMake_64/share/cmake-3.29/Modules/CMakeFindDependencyMacro.cmake",
		"C:/Qt/6.6.0/msvc2019_64/lib/cmake/Qt6Gui/Qt6QTuioTouchPluginTargets.cmake",
		"C:/Qt/6.6.0/msvc2019_64/lib/cmake/Qt6Gui/Qt6QTuioTouchPluginTargets-debug.cmake",
		"C:/Qt/6.6.0/msvc2019_64/lib/cmake/Qt6Gui/Qt6QTuioTouchPluginTargets-relwithdebinfo.cmake",
		"C:/Qt/6.6.0/msvc2019_64/lib/cmake/Qt6Gui/Qt6QTuioTouchPluginAdditionalTargetInfo.cmake",
		"C:/Qt/6.6.0/msvc2019_64/lib/cmake/Qt6Gui/Qt6QVirtualKeyboardPluginConfig.cmake",
		"C:/Qt/Tools/CMake_64/share/cmake-3.29/Modules/CMakeFindDependencyMacro.cmake",
		"C:/Qt/6.6.0/msvc2019_64/lib/cmake/Qt6Gui/Qt6QVirtualKeyboardPluginTargets.cmake",
		"C:/Qt/6.6.0/msvc2019_64/lib/cmake/Qt6Gui/Qt6QVirtualKeyboardPluginTargets-debug.cmake",
		"C:/Qt/6.6.0/msvc2019_64/lib/cmake/Qt6Gui/Qt6QVirtualKeyboardPluginTargets-relwithdebinfo.cmake",
		"C:/Qt/6.6.0/msvc2019_64/lib/cmake/Qt6Gui/Qt6QVirtualKeyboardPluginAdditionalTargetInfo.cmake",
		"C:/Qt/6.6.0/msvc2019_64/lib/cmake/Qt6Gui/Qt6QWbmpPluginConfig.cmake",
		"C:/Qt/Tools/CMake_64/share/cmake-3.29/Modules/CMakeFindDependencyMacro.cmake",
		"C:/Qt/6.6.0/msvc2019_64/lib/cmake/Qt6Gui/Qt6QWbmpPluginTargets.cmake",
		"C:/Qt/6.6.0/msvc2019_64/lib/cmake/Qt6Gui/Qt6QWbmpPluginTargets-debug.cmake",
		"C:/Qt/6.6.0/msvc2019_64/lib/cmake/Qt6Gui/Qt6QWbmpPluginTargets-relwithdebinfo.cmake",
		"C:/Qt/6.6.0/msvc2019_64/lib/cmake/Qt6Gui/Qt6QWbmpPluginAdditionalTargetInfo.cmake",
		"C:/Qt/6.6.0/msvc2019_64/lib/cmake/Qt6Gui/Qt6QWebpPluginConfig.cmake",
		"C:/Qt/Tools/CMake_64/share/cmake-3.29/Modules/CMakeFindDependencyMacro.cmake",
		"C:/Qt/6.6.0/msvc2019_64/lib/cmake/Qt6Gui/Qt6QWebpPluginTargets.cmake",
		"C:/Qt/6.6.0/msvc2019_64/lib/cmake/Qt6Gui/Qt6QWebpPluginTargets-debug.cmake",
		"C:/Qt/6.6.0/msvc2019_64/lib/cmake/Qt6Gui/Qt6QWebpPluginTargets-relwithdebinfo.cmake",
		"C:/Qt/6.6.0/msvc2019_64/lib/cmake/Qt6Gui/Qt6QWebpPluginAdditionalTargetInfo.cmake",
		"C:/Qt/6.6.0/msvc2019_64/lib/cmake/Qt6Gui/Qt6QWindowsDirect2DIntegrationPluginConfig.cmake",
		"C:/Qt/Tools/CMake_64/share/cmake-3.29/Modules/CMakeFindDependencyMacro.cmake",
		"C:/Qt/6.6.0/msvc2019_64/lib/cmake/Qt6Gui/Qt6QWindowsDirect2DIntegrationPluginTargets.cmake",
		"C:/Qt/6.6.0/msvc2019_64/lib/cmake/Qt6Gui/Qt6QWindowsDirect2DIntegrationPluginTargets-debug.cmake",
		"C:/Qt/6.6.0/msvc2019_64/lib/cmake/Qt6Gui/Qt6QWindowsDirect2DIntegrationPluginTargets-relwithdebinfo.cmake",
		"C:/Qt/6.6.0/msvc2019_64/lib/cmake/Qt6Gui/Qt6QWindowsDirect2DIntegrationPluginAdditionalTargetInfo.cmake",
		"C:/Qt/6.6.0/msvc2019_64/lib/cmake/Qt6Gui/Qt6QWindowsIntegrationPluginConfig.cmake",
		"C:/Qt/Tools/CMake_64/share/cmake-3.29/Modules/CMakeFindDependencyMacro.cmake",
		"C:/Qt/6.6.0/msvc2019_64/lib/cmake/Qt6Gui/Qt6QWindowsIntegrationPluginTargets.cmake",
		"C:/Qt/6.6.0/msvc2019_64/lib/cmake/Qt6Gui/Qt6QWindowsIntegrationPluginTargets-debug.cmake",
		"C:/Qt/6.6.0/msvc2019_64/lib/cmake/Qt6Gui/Qt6QWindowsIntegrationPluginTargets-relwithdebinfo.cmake",
		"C:/Qt/6.6.0/msvc2019_64/lib/cmake/Qt6Gui/Qt6QWindowsIntegrationPluginAdditionalTargetInfo.cmake",
		"C:/Qt/6.6.0/msvc2019_64/lib/cmake/Qt6Widgets/Qt6WidgetsTargets.cmake",
		"C:/Qt/6.6.0/msvc2019_64/lib/cmake/Qt6Widgets/Qt6WidgetsTargets-debug.cmake",
		"C:/Qt/6.6.0/msvc2019_64/lib/cmake/Qt6Widgets/Qt6WidgetsTargets-relwithdebinfo.cmake",
		"C:/Qt/6.6.0/msvc2019_64/lib/cmake/Qt6Widgets/Qt6WidgetsAdditionalTargetInfo.cmake",
		"C:/Qt/6.6.0/msvc2019_64/lib/cmake/Qt6Widgets/Qt6WidgetsVersionlessTargets.cmake",
		"C:/Qt/6.6.0/msvc2019_64/lib/cmake/Qt6Widgets/Qt6WidgetsMacros.cmake",
		"C:/Qt/6.6.0/msvc2019_64/lib/cmake/Qt6Widgets/Qt6WidgetsPlugins.cmake",
		"C:/Qt/6.6.0/msvc2019_64/lib/cmake/Qt6Widgets/Qt6QWindowsVistaStylePluginConfig.cmake",
		"C:/Qt/Tools/CMake_64/share/cmake-3.29/Modules/CMakeFindDependencyMacro.cmake",
		"C:/Qt/6.6.0/msvc2019_64/lib/cmake/Qt6Widgets/Qt6QWindowsVistaStylePluginTargets.cmake",
		"C:/Qt/6.6.0/msvc2019_64/lib/cmake/Qt6Widgets/Qt6QWindowsVistaStylePluginTargets-debug.cmake",
		"C:/Qt/6.6.0/msvc2019_64/lib/cmake/Qt6Widgets/Qt6QWindowsVistaStylePluginTargets-relwithdebinfo.cmake",
		"C:/Qt/6.6.0/msvc2019_64/lib/cmake/Qt6Widgets/Qt6QWindowsVistaStylePluginAdditionalTargetInfo.cmake",
		"C:/Qt/Tools/CMake_64/share/cmake-3.29/Modules/GNUInstallDirs.cmake",
		"C:/Users/seanv/OneDrive - Mahala.Ms/Uni/COS 214/WorksOnMyMachineTeam/COS214_Project_GUI/214Resources.qrc"
	],
	"CMAKE_SOURCE_DIR" : "C:/Users/seanv/OneDrive - Mahala.Ms/Uni/COS 214/WorksOnMyMachineTeam/COS214_Project_GUI",
	"CROSS_CONFIG" : false,
	"DEP_FILE" : "D:/COS214_Project_GUI/build/Desktop_Qt_6_6_0_MSVC2019_64bit-Release/COS214_Project_GUI_autogen/deps",
	"DEP_FILE_RULE_NAME" : "COS214_Project_GUI_autogen/timestamp",
	"HEADERS" : 
	[
		[
			"C:/Users/seanv/OneDrive - Mahala.Ms/Uni/COS 214/WorksOnMyMachineTeam/COS214_Project_GUI/DraggableFrame.h",
			"MU",
			"EWIEGA46WW/moc_DraggableFrame.cpp",
			null
		],
		[
			"C:/Users/seanv/OneDrive - Mahala.Ms/Uni/COS 214/WorksOnMyMachineTeam/COS214_Project_GUI/DraggableRoad.h",
			"MU",
			"EWIEGA46WW/moc_DraggableRoad.cpp",
			null
		],
		[
			"C:/Users/seanv/OneDrive - Mahala.Ms/Uni/COS 214/WorksOnMyMachineTeam/COS214_Project_GUI/MovingFrame.h",
			"MU",
			"EWIEGA46WW/moc_MovingFrame.cpp",
			null
		],
		[
			"C:/Users/seanv/OneDrive - Mahala.Ms/Uni/COS 214/WorksOnMyMachineTeam/COS214_Project_GUI/homepage.h",
			"MU",
			"EWIEGA46WW/moc_homepage.cpp",
			null
		],
		[
			"C:/Users/seanv/OneDrive - Mahala.Ms/Uni/COS 214/WorksOnMyMachineTeam/src/Buildings/BuildDecorEconomic.h",
			"MU",
			"E3VTQPBDRP/moc_BuildDecorEconomic.cpp",
			null
		],
		[
			"C:/Users/seanv/OneDrive - Mahala.Ms/Uni/COS 214/WorksOnMyMachineTeam/src/Buildings/BuildDecorRepair.h",
			"MU",
			"E3VTQPBDRP/moc_BuildDecorRepair.cpp",
			null
		],
		[
			"C:/Users/seanv/OneDrive - Mahala.Ms/Uni/COS 214/WorksOnMyMachineTeam/src/Buildings/BuildDecorUpgrade.h",
			"MU",
			"E3VTQPBDRP/moc_BuildDecorUpgrade.cpp",
			null
		],
		[
			"C:/Users/seanv/OneDrive - Mahala.Ms/Uni/COS 214/WorksOnMyMachineTeam/src/Buildings/Building.h",
			"MU",
			"E3VTQPBDRP/moc_Building.cpp",
			null
		],
		[
			"C:/Users/seanv/OneDrive - Mahala.Ms/Uni/COS 214/WorksOnMyMachineTeam/src/Buildings/BuildingDecorator.h",
			"MU",
			"E3VTQPBDRP/moc_BuildingDecorator.cpp",
			null
		],
		[
			"C:/Users/seanv/OneDrive - Mahala.Ms/Uni/COS 214/WorksOnMyMachineTeam/src/Buildings/BuildingRequirements.h",
			"MU",
			"E3VTQPBDRP/moc_BuildingRequirements.cpp",
			null
		],
		[
			"C:/Users/seanv/OneDrive - Mahala.Ms/Uni/COS 214/WorksOnMyMachineTeam/src/Buildings/ComMall.h",
			"MU",
			"E3VTQPBDRP/moc_ComMall.cpp",
			null
		],
		[
			"C:/Users/seanv/OneDrive - Mahala.Ms/Uni/COS 214/WorksOnMyMachineTeam/src/Buildings/ComOffice.h",
			"MU",
			"E3VTQPBDRP/moc_ComOffice.cpp",
			null
		],
		[
			"C:/Users/seanv/OneDrive - Mahala.Ms/Uni/COS 214/WorksOnMyMachineTeam/src/Buildings/ComShop.h",
			"MU",
			"E3VTQPBDRP/moc_ComShop.cpp",
			null
		],
		[
			"C:/Users/seanv/OneDrive - Mahala.Ms/Uni/COS 214/WorksOnMyMachineTeam/src/Buildings/Commercial.h",
			"MU",
			"E3VTQPBDRP/moc_Commercial.cpp",
			null
		],
		[
			"C:/Users/seanv/OneDrive - Mahala.Ms/Uni/COS 214/WorksOnMyMachineTeam/src/Buildings/FactCommercial.h",
			"MU",
			"E3VTQPBDRP/moc_FactCommercial.cpp",
			null
		],
		[
			"C:/Users/seanv/OneDrive - Mahala.Ms/Uni/COS 214/WorksOnMyMachineTeam/src/Buildings/FactIndustrial.h",
			"MU",
			"E3VTQPBDRP/moc_FactIndustrial.cpp",
			null
		],
		[
			"C:/Users/seanv/OneDrive - Mahala.Ms/Uni/COS 214/WorksOnMyMachineTeam/src/Buildings/FactLandmarks.h",
			"MU",
			"E3VTQPBDRP/moc_FactLandmarks.cpp",
			null
		],
		[
			"C:/Users/seanv/OneDrive - Mahala.Ms/Uni/COS 214/WorksOnMyMachineTeam/src/Buildings/FactResidential.h",
			"MU",
			"E3VTQPBDRP/moc_FactResidential.cpp",
			null
		],
		[
			"C:/Users/seanv/OneDrive - Mahala.Ms/Uni/COS 214/WorksOnMyMachineTeam/src/Buildings/FactService.h",
			"MU",
			"E3VTQPBDRP/moc_FactService.cpp",
			null
		],
		[
			"C:/Users/seanv/OneDrive - Mahala.Ms/Uni/COS 214/WorksOnMyMachineTeam/src/Buildings/FactoryBuilding.h",
			"MU",
			"E3VTQPBDRP/moc_FactoryBuilding.cpp",
			null
		],
		[
			"C:/Users/seanv/OneDrive - Mahala.Ms/Uni/COS 214/WorksOnMyMachineTeam/src/Buildings/IndFactory.h",
			"MU",
			"E3VTQPBDRP/moc_IndFactory.cpp",
			null
		],
		[
			"C:/Users/seanv/OneDrive - Mahala.Ms/Uni/COS 214/WorksOnMyMachineTeam/src/Buildings/IndPlant.h",
			"MU",
			"E3VTQPBDRP/moc_IndPlant.cpp",
			null
		],
		[
			"C:/Users/seanv/OneDrive - Mahala.Ms/Uni/COS 214/WorksOnMyMachineTeam/src/Buildings/IndWarehouse.h",
			"MU",
			"E3VTQPBDRP/moc_IndWarehouse.cpp",
			null
		],
		[
			"C:/Users/seanv/OneDrive - Mahala.Ms/Uni/COS 214/WorksOnMyMachineTeam/src/Buildings/Industrial.h",
			"MU",
			"E3VTQPBDRP/moc_Industrial.cpp",
			null
		],
		[
			"C:/Users/seanv/OneDrive - Mahala.Ms/Uni/COS 214/WorksOnMyMachineTeam/src/Buildings/LandCCenter.h",
			"MU",
			"E3VTQPBDRP/moc_LandCCenter.cpp",
			null
		],
		[
			"C:/Users/seanv/OneDrive - Mahala.Ms/Uni/COS 214/WorksOnMyMachineTeam/src/Buildings/LandMonument.h",
			"MU",
			"E3VTQPBDRP/moc_LandMonument.cpp",
			null
		],
		[
			"C:/Users/seanv/OneDrive - Mahala.Ms/Uni/COS 214/WorksOnMyMachineTeam/src/Buildings/LandPark.h",
			"MU",
			"E3VTQPBDRP/moc_LandPark.cpp",
			null
		],
		[
			"C:/Users/seanv/OneDrive - Mahala.Ms/Uni/COS 214/WorksOnMyMachineTeam/src/Buildings/Landmark.h",
			"MU",
			"E3VTQPBDRP/moc_Landmark.cpp",
			null
		],
		[
			"C:/Users/seanv/OneDrive - Mahala.Ms/Uni/COS 214/WorksOnMyMachineTeam/src/Buildings/ResEstate.h",
			"MU",
			"E3VTQPBDRP/moc_ResEstate.cpp",
			null
		],
		[
			"C:/Users/seanv/OneDrive - Mahala.Ms/Uni/COS 214/WorksOnMyMachineTeam/src/Buildings/ResFlat.h",
			"MU",
			"E3VTQPBDRP/moc_ResFlat.cpp",
			null
		],
		[
			"C:/Users/seanv/OneDrive - Mahala.Ms/Uni/COS 214/WorksOnMyMachineTeam/src/Buildings/ResHouse.h",
			"MU",
			"E3VTQPBDRP/moc_ResHouse.cpp",
			null
		],
		[
			"C:/Users/seanv/OneDrive - Mahala.Ms/Uni/COS 214/WorksOnMyMachineTeam/src/Buildings/ResTownhouse.h",
			"MU",
			"E3VTQPBDRP/moc_ResTownhouse.cpp",
			null
		],
		[
			"C:/Users/seanv/OneDrive - Mahala.Ms/Uni/COS 214/WorksOnMyMachineTeam/src/Buildings/Residential.h",
			"MU",
			"E3VTQPBDRP/moc_Residential.cpp",
			null
		],
		[
			"C:/Users/seanv/OneDrive - Mahala.Ms/Uni/COS 214/WorksOnMyMachineTeam/src/Buildings/ServEducation.h",
			"MU",
			"E3VTQPBDRP/moc_ServEducation.cpp",
			null
		],
		[
			"C:/Users/seanv/OneDrive - Mahala.Ms/Uni/COS 214/WorksOnMyMachineTeam/src/Buildings/ServEntertainment.h",
			"MU",
			"E3VTQPBDRP/moc_ServEntertainment.cpp",
			null
		],
		[
			"C:/Users/seanv/OneDrive - Mahala.Ms/Uni/COS 214/WorksOnMyMachineTeam/src/Buildings/ServHospital.h",
			"MU",
			"E3VTQPBDRP/moc_ServHospital.cpp",
			null
		],
		[
			"C:/Users/seanv/OneDrive - Mahala.Ms/Uni/COS 214/WorksOnMyMachineTeam/src/Buildings/ServSecurity.h",
			"MU",
			"E3VTQPBDRP/moc_ServSecurity.cpp",
			null
		],
		[
			"C:/Users/seanv/OneDrive - Mahala.Ms/Uni/COS 214/WorksOnMyMachineTeam/src/Buildings/Services.h",
			"MU",
			"E3VTQPBDRP/moc_Services.cpp",
			null
		],
		[
			"C:/Users/seanv/OneDrive - Mahala.Ms/Uni/COS 214/WorksOnMyMachineTeam/src/Citizens/Citizen.h",
			"MU",
			"GALP7VN2F4/moc_Citizen.cpp",
			null
		],
		[
			"C:/Users/seanv/OneDrive - Mahala.Ms/Uni/COS 214/WorksOnMyMachineTeam/src/Citizens/CitizenNameGen.h",
			"MU",
			"GALP7VN2F4/moc_CitizenNameGen.cpp",
			null
		],
		[
			"C:/Users/seanv/OneDrive - Mahala.Ms/Uni/COS 214/WorksOnMyMachineTeam/src/Citizens/CitizenState.h",
			"MU",
			"GALP7VN2F4/moc_CitizenState.cpp",
			null
		],
		[
			"C:/Users/seanv/OneDrive - Mahala.Ms/Uni/COS 214/WorksOnMyMachineTeam/src/Citizens/CitizenStates/CitizenStatesIncludes.h",
			"MU",
			"Z7MFXUJ2YU/moc_CitizenStatesIncludes.cpp",
			null
		],
		[
			"C:/Users/seanv/OneDrive - Mahala.Ms/Uni/COS 214/WorksOnMyMachineTeam/src/Citizens/CitizenStates/Content.h",
			"MU",
			"Z7MFXUJ2YU/moc_Content.cpp",
			null
		],
		[
			"C:/Users/seanv/OneDrive - Mahala.Ms/Uni/COS 214/WorksOnMyMachineTeam/src/Citizens/CitizenStates/Discontent.h",
			"MU",
			"Z7MFXUJ2YU/moc_Discontent.cpp",
			null
		],
		[
			"C:/Users/seanv/OneDrive - Mahala.Ms/Uni/COS 214/WorksOnMyMachineTeam/src/Citizens/CitizenStates/Happy.h",
			"MU",
			"Z7MFXUJ2YU/moc_Happy.cpp",
			null
		],
		[
			"C:/Users/seanv/OneDrive - Mahala.Ms/Uni/COS 214/WorksOnMyMachineTeam/src/Citizens/CitizenStates/Indifferent.h",
			"MU",
			"Z7MFXUJ2YU/moc_Indifferent.cpp",
			null
		],
		[
			"C:/Users/seanv/OneDrive - Mahala.Ms/Uni/COS 214/WorksOnMyMachineTeam/src/Citizens/CitizenStates/Upset.h",
			"MU",
			"Z7MFXUJ2YU/moc_Upset.cpp",
			null
		],
		[
			"C:/Users/seanv/OneDrive - Mahala.Ms/Uni/COS 214/WorksOnMyMachineTeam/src/Citizens/CitizensIncludes.h",
			"MU",
			"GALP7VN2F4/moc_CitizensIncludes.cpp",
			null
		],
		[
			"C:/Users/seanv/OneDrive - Mahala.Ms/Uni/COS 214/WorksOnMyMachineTeam/src/Citizens/CityBlock.h",
			"MU",
			"GALP7VN2F4/moc_CityBlock.cpp",
			null
		],
		[
			"C:/Users/seanv/OneDrive - Mahala.Ms/Uni/COS 214/WorksOnMyMachineTeam/src/Citizens/CityCentralMediator.h",
			"MU",
			"GALP7VN2F4/moc_CityCentralMediator.cpp",
			null
		],
		[
			"C:/Users/seanv/OneDrive - Mahala.Ms/Uni/COS 214/WorksOnMyMachineTeam/src/Citizens/CityMediator.h",
			"MU",
			"GALP7VN2F4/moc_CityMediator.cpp",
			null
		],
		[
			"C:/Users/seanv/OneDrive - Mahala.Ms/Uni/COS 214/WorksOnMyMachineTeam/src/Government+Tax/AllocateTaxCommand.h",
			"MU",
			"RFKQGHVBJZ/moc_AllocateTaxCommand.cpp",
			null
		],
		[
			"C:/Users/seanv/OneDrive - Mahala.Ms/Uni/COS 214/WorksOnMyMachineTeam/src/Government+Tax/CitizenTaxAB.h",
			"MU",
			"RFKQGHVBJZ/moc_CitizenTaxAB.cpp",
			null
		],
		[
			"C:/Users/seanv/OneDrive - Mahala.Ms/Uni/COS 214/WorksOnMyMachineTeam/src/Government+Tax/CityStructure.h",
			"MU",
			"RFKQGHVBJZ/moc_CityStructure.cpp",
			null
		],
		[
			"C:/Users/seanv/OneDrive - Mahala.Ms/Uni/COS 214/WorksOnMyMachineTeam/src/Government+Tax/CollectTaxCommand.h",
			"MU",
			"RFKQGHVBJZ/moc_CollectTaxCommand.cpp",
			null
		],
		[
			"C:/Users/seanv/OneDrive - Mahala.Ms/Uni/COS 214/WorksOnMyMachineTeam/src/Government+Tax/Government.h",
			"MU",
			"RFKQGHVBJZ/moc_Government.cpp",
			null
		],
		[
			"C:/Users/seanv/OneDrive - Mahala.Ms/Uni/COS 214/WorksOnMyMachineTeam/src/Government+Tax/HealthPolicy.h",
			"MU",
			"RFKQGHVBJZ/moc_HealthPolicy.cpp",
			null
		],
		[
			"C:/Users/seanv/OneDrive - Mahala.Ms/Uni/COS 214/WorksOnMyMachineTeam/src/Government+Tax/InfrastructurePolicy.h",
			"MU",
			"RFKQGHVBJZ/moc_InfrastructurePolicy.cpp",
			null
		],
		[
			"C:/Users/seanv/OneDrive - Mahala.Ms/Uni/COS 214/WorksOnMyMachineTeam/src/Government+Tax/Policy.h",
			"MU",
			"RFKQGHVBJZ/moc_Policy.cpp",
			null
		],
		[
			"C:/Users/seanv/OneDrive - Mahala.Ms/Uni/COS 214/WorksOnMyMachineTeam/src/Government+Tax/SetTaxRateCommand.h",
			"MU",
			"RFKQGHVBJZ/moc_SetTaxRateCommand.cpp",
			null
		],
		[
			"C:/Users/seanv/OneDrive - Mahala.Ms/Uni/COS 214/WorksOnMyMachineTeam/src/Government+Tax/TaxAllocationHandler.h",
			"MU",
			"RFKQGHVBJZ/moc_TaxAllocationHandler.cpp",
			null
		],
		[
			"C:/Users/seanv/OneDrive - Mahala.Ms/Uni/COS 214/WorksOnMyMachineTeam/src/Government+Tax/TaxAndBudgetVisitor.h",
			"MU",
			"RFKQGHVBJZ/moc_TaxAndBudgetVisitor.cpp",
			null
		],
		[
			"C:/Users/seanv/OneDrive - Mahala.Ms/Uni/COS 214/WorksOnMyMachineTeam/src/Government+Tax/TaxCollectionHandler.h",
			"MU",
			"RFKQGHVBJZ/moc_TaxCollectionHandler.cpp",
			null
		],
		[
			"C:/Users/seanv/OneDrive - Mahala.Ms/Uni/COS 214/WorksOnMyMachineTeam/src/Government+Tax/TaxCommand.h",
			"MU",
			"RFKQGHVBJZ/moc_TaxCommand.cpp",
			null
		],
		[
			"C:/Users/seanv/OneDrive - Mahala.Ms/Uni/COS 214/WorksOnMyMachineTeam/src/Government+Tax/TaxHandler.h",
			"MU",
			"RFKQGHVBJZ/moc_TaxHandler.cpp",
			null
		],
		[
			"C:/Users/seanv/OneDrive - Mahala.Ms/Uni/COS 214/WorksOnMyMachineTeam/src/Government+Tax/TaxManager.h",
			"MU",
			"RFKQGHVBJZ/moc_TaxManager.cpp",
			null
		],
		[
			"C:/Users/seanv/OneDrive - Mahala.Ms/Uni/COS 214/WorksOnMyMachineTeam/src/Government+Tax/TaxRateHandler.h",
			"MU",
			"RFKQGHVBJZ/moc_TaxRateHandler.cpp",
			null
		],
		[
			"C:/Users/seanv/OneDrive - Mahala.Ms/Uni/COS 214/WorksOnMyMachineTeam/src/Transport/RoadComponent.h",
			"MU",
			"KC3LFONIWN/moc_RoadComponent.cpp",
			null
		],
		[
			"C:/Users/seanv/OneDrive - Mahala.Ms/Uni/COS 214/WorksOnMyMachineTeam/src/Transport/RoadComponentTypes/Highways.h",
			"MU",
			"TZY4WC45SB/moc_Highways.cpp",
			null
		],
		[
			"C:/Users/seanv/OneDrive - Mahala.Ms/Uni/COS 214/WorksOnMyMachineTeam/src/Transport/RoadComponentTypes/MainRoads.h",
			"MU",
			"TZY4WC45SB/moc_MainRoads.cpp",
			null
		],
		[
			"C:/Users/seanv/OneDrive - Mahala.Ms/Uni/COS 214/WorksOnMyMachineTeam/src/Transport/RoadComponentTypes/ResidentialStreets.h",
			"MU",
			"TZY4WC45SB/moc_ResidentialStreets.cpp",
			null
		],
		[
			"C:/Users/seanv/OneDrive - Mahala.Ms/Uni/COS 214/WorksOnMyMachineTeam/src/Transport/RoadComponentTypes/RoadComponentTypesIncludes.h",
			"MU",
			"TZY4WC45SB/moc_RoadComponentTypesIncludes.cpp",
			null
		],
		[
			"C:/Users/seanv/OneDrive - Mahala.Ms/Uni/COS 214/WorksOnMyMachineTeam/src/Transport/RoadComponentTypes/RoadsComposite.h",
			"MU",
			"TZY4WC45SB/moc_RoadsComposite.cpp",
			null
		],
		[
			"C:/Users/seanv/OneDrive - Mahala.Ms/Uni/COS 214/WorksOnMyMachineTeam/src/Transport/RoadIterator.h",
			"MU",
			"KC3LFONIWN/moc_RoadIterator.cpp",
			null
		],
		[
			"C:/Users/seanv/OneDrive - Mahala.Ms/Uni/COS 214/WorksOnMyMachineTeam/src/Transport/RoadIterators/RoadIteratorCon.h",
			"MU",
			"V3P4MUMBS4/moc_RoadIteratorCon.cpp",
			null
		],
		[
			"C:/Users/seanv/OneDrive - Mahala.Ms/Uni/COS 214/WorksOnMyMachineTeam/src/Transport/RoadIterators/RoadIteratorsIncludes.h",
			"MU",
			"V3P4MUMBS4/moc_RoadIteratorsIncludes.cpp",
			null
		],
		[
			"C:/Users/seanv/OneDrive - Mahala.Ms/Uni/COS 214/WorksOnMyMachineTeam/src/Transport/RoadState.h",
			"MU",
			"KC3LFONIWN/moc_RoadState.cpp",
			null
		],
		[
			"C:/Users/seanv/OneDrive - Mahala.Ms/Uni/COS 214/WorksOnMyMachineTeam/src/Transport/RoadStates/Congested.h",
			"MU",
			"GPUN24OBTM/moc_Congested.cpp",
			null
		],
		[
			"C:/Users/seanv/OneDrive - Mahala.Ms/Uni/COS 214/WorksOnMyMachineTeam/src/Transport/RoadStates/RoadStatesIncludes.h",
			"MU",
			"GPUN24OBTM/moc_RoadStatesIncludes.cpp",
			null
		],
		[
			"C:/Users/seanv/OneDrive - Mahala.Ms/Uni/COS 214/WorksOnMyMachineTeam/src/Transport/RoadStates/UnderConstruction.h",
			"MU",
			"GPUN24OBTM/moc_UnderConstruction.cpp",
			null
		],
		[
			"C:/Users/seanv/OneDrive - Mahala.Ms/Uni/COS 214/WorksOnMyMachineTeam/src/Transport/RoadStates/WorkingNoIssues.h",
			"MU",
			"GPUN24OBTM/moc_WorkingNoIssues.cpp",
			null
		],
		[
			"C:/Users/seanv/OneDrive - Mahala.Ms/Uni/COS 214/WorksOnMyMachineTeam/src/Transport/TransportInclude.h",
			"MU",
			"KC3LFONIWN/moc_TransportInclude.cpp",
			null
		],
		[
			"C:/Users/seanv/OneDrive - Mahala.Ms/Uni/COS 214/WorksOnMyMachineTeam/src/Utilities/UtilPowerPlants.h",
			"MU",
			"SCJ3ZFXVJF/moc_UtilPowerPlants.cpp",
			null
		],
		[
			"C:/Users/seanv/OneDrive - Mahala.Ms/Uni/COS 214/WorksOnMyMachineTeam/src/Utilities/UtilSewageSyst.h",
			"MU",
			"SCJ3ZFXVJF/moc_UtilSewageSyst.cpp",
			null
		],
		[
			"C:/Users/seanv/OneDrive - Mahala.Ms/Uni/COS 214/WorksOnMyMachineTeam/src/Utilities/UtilWasteMan.h",
			"MU",
			"SCJ3ZFXVJF/moc_UtilWasteMan.cpp",
			null
		],
		[
			"C:/Users/seanv/OneDrive - Mahala.Ms/Uni/COS 214/WorksOnMyMachineTeam/src/Utilities/UtilWaterSupply.h",
			"MU",
			"SCJ3ZFXVJF/moc_UtilWaterSupply.cpp",
			null
		],
		[
			"C:/Users/seanv/OneDrive - Mahala.Ms/Uni/COS 214/WorksOnMyMachineTeam/src/Utilities/UtilityManager.h",
			"MU",
			"SCJ3ZFXVJF/moc_UtilityManager.cpp",
			null
		],
		[
			"C:/Users/seanv/OneDrive - Mahala.Ms/Uni/COS 214/WorksOnMyMachineTeam/src/resources.h",
			"MU",
			"DZPH3JOZOR/moc_resources.cpp",
			null
		]
	],
	"HEADER_EXTENSIONS" : [ "h", "hh", "h++", "hm", "hpp", "hxx", "in", "txx" ],
	"INCLUDE_DIR" : "D:/COS214_Project_GUI/build/Desktop_Qt_6_6_0_MSVC2019_64bit-Release/COS214_Project_GUI_autogen/include",
	"MOC_COMPILATION_FILE" : "D:/COS214_Project_GUI/build/Desktop_Qt_6_6_0_MSVC2019_64bit-Release/COS214_Project_GUI_autogen/mocs_compilation.cpp",
	"MOC_DEFINITIONS" : 
	[
		"QT_CORE_LIB",
		"QT_GUI_LIB",
		"QT_NO_DEBUG",
		"QT_WIDGETS_LIB",
		"UNICODE",
		"WIN32",
		"WIN64",
		"_ENABLE_EXTENDED_ALIGNED_STORAGE",
		"_UNICODE",
		"_WIN64"
	],
	"MOC_DEPEND_FILTERS" : 
	[
		[
			"Q_PLUGIN_METADATA",
			"[\n][ \t]*Q_PLUGIN_METADATA[ \t]*\\([^\\)]*FILE[ \t]*\"([^\"]+)\""
		]
	],
	"MOC_INCLUDES" : 
	[
		"C:/Qt/6.6.0/msvc2019_64/include/QtCore",
		"C:/Qt/6.6.0/msvc2019_64/include",
		"C:/Qt/6.6.0/msvc2019_64/mkspecs/win32-msvc",
		"C:/Qt/6.6.0/msvc2019_64/include/QtWidgets",
		"C:/Qt/6.6.0/msvc2019_64/include/QtGui"
	],
	"MOC_MACRO_NAMES" : 
	[
		"Q_OBJECT",
		"Q_GADGET",
		"Q_NAMESPACE",
		"Q_NAMESPACE_EXPORT",
		"Q_GADGET_EXPORT"
	],
	"MOC_OPTIONS" : [],
	"MOC_PATH_PREFIX" : false,
	"MOC_PREDEFS_CMD" : [],
	"MOC_PREDEFS_FILE" : "",
	"MOC_RELAXED_MODE" : false,
	"MOC_SKIP" : [],
	"MULTI_CONFIG" : false,
	"PARALLEL" : 6,
	"PARSE_CACHE_FILE" : "D:/COS214_Project_GUI/build/Desktop_Qt_6_6_0_MSVC2019_64bit-Release/CMakeFiles/COS214_Project_GUI_autogen.dir/ParseCache.txt",
	"QT_MOC_EXECUTABLE" : "C:/Qt/6.6.0/msvc2019_64/./bin/moc.exe",
	"QT_UIC_EXECUTABLE" : "C:/Qt/6.6.0/msvc2019_64/./bin/uic.exe",
	"QT_VERSION_MAJOR" : 6,
	"QT_VERSION_MINOR" : 6,
	"SETTINGS_FILE" : "D:/COS214_Project_GUI/build/Desktop_Qt_6_6_0_MSVC2019_64bit-Release/CMakeFiles/COS214_Project_GUI_autogen.dir/AutogenUsed.txt",
	"SOURCES" : 
	[
		[
			"C:/Users/seanv/OneDrive - Mahala.Ms/Uni/COS 214/WorksOnMyMachineTeam/COS214_Project_GUI/MovingFrame.cpp",
			"MU",
			null
		],
		[
			"C:/Users/seanv/OneDrive - Mahala.Ms/Uni/COS 214/WorksOnMyMachineTeam/COS214_Project_GUI/homepage.cpp",
			"MU",
			null
		],
		[
			"C:/Users/seanv/OneDrive - Mahala.Ms/Uni/COS 214/WorksOnMyMachineTeam/COS214_Project_GUI/main.cpp",
			"MU",
			null
		],
		[
			"C:/Users/seanv/OneDrive - Mahala.Ms/Uni/COS 214/WorksOnMyMachineTeam/src/Buildings/BuildDecorEconomic.cpp",
			"MU",
			null
		],
		[
			"C:/Users/seanv/OneDrive - Mahala.Ms/Uni/COS 214/WorksOnMyMachineTeam/src/Buildings/BuildDecorRepair.cpp",
			"MU",
			null
		],
		[
			"C:/Users/seanv/OneDrive - Mahala.Ms/Uni/COS 214/WorksOnMyMachineTeam/src/Buildings/BuildDecorUpgrade.cpp",
			"MU",
			null
		],
		[
			"C:/Users/seanv/OneDrive - Mahala.Ms/Uni/COS 214/WorksOnMyMachineTeam/src/Buildings/Building.cpp",
			"MU",
			null
		],
		[
			"C:/Users/seanv/OneDrive - Mahala.Ms/Uni/COS 214/WorksOnMyMachineTeam/src/Buildings/BuildingDecorator.cpp",
			"MU",
			null
		],
		[
			"C:/Users/seanv/OneDrive - Mahala.Ms/Uni/COS 214/WorksOnMyMachineTeam/src/Buildings/BuildingRequirements.cpp",
			"MU",
			null
		],
		[
			"C:/Users/seanv/OneDrive - Mahala.Ms/Uni/COS 214/WorksOnMyMachineTeam/src/Buildings/ComMall.cpp",
			"MU",
			null
		],
		[
			"C:/Users/seanv/OneDrive - Mahala.Ms/Uni/COS 214/WorksOnMyMachineTeam/src/Buildings/ComOffice.cpp",
			"MU",
			null
		],
		[
			"C:/Users/seanv/OneDrive - Mahala.Ms/Uni/COS 214/WorksOnMyMachineTeam/src/Buildings/ComShop.cpp",
			"MU",
			null
		],
		[
			"C:/Users/seanv/OneDrive - Mahala.Ms/Uni/COS 214/WorksOnMyMachineTeam/src/Buildings/Commercial.cpp",
			"MU",
			null
		],
		[
			"C:/Users/seanv/OneDrive - Mahala.Ms/Uni/COS 214/WorksOnMyMachineTeam/src/Buildings/FactCommercial.cpp",
			"MU",
			null
		],
		[
			"C:/Users/seanv/OneDrive - Mahala.Ms/Uni/COS 214/WorksOnMyMachineTeam/src/Buildings/FactIndustrial.cpp",
			"MU",
			null
		],
		[
			"C:/Users/seanv/OneDrive - Mahala.Ms/Uni/COS 214/WorksOnMyMachineTeam/src/Buildings/FactLandmarks.cpp",
			"MU",
			null
		],
		[
			"C:/Users/seanv/OneDrive - Mahala.Ms/Uni/COS 214/WorksOnMyMachineTeam/src/Buildings/FactResidential.cpp",
			"MU",
			null
		],
		[
			"C:/Users/seanv/OneDrive - Mahala.Ms/Uni/COS 214/WorksOnMyMachineTeam/src/Buildings/FactService.cpp",
			"MU",
			null
		],
		[
			"C:/Users/seanv/OneDrive - Mahala.Ms/Uni/COS 214/WorksOnMyMachineTeam/src/Buildings/IndFactory.cpp",
			"MU",
			null
		],
		[
			"C:/Users/seanv/OneDrive - Mahala.Ms/Uni/COS 214/WorksOnMyMachineTeam/src/Buildings/IndPlant.cpp",
			"MU",
			null
		],
		[
			"C:/Users/seanv/OneDrive - Mahala.Ms/Uni/COS 214/WorksOnMyMachineTeam/src/Buildings/IndWarehouse.cpp",
			"MU",
			null
		],
		[
			"C:/Users/seanv/OneDrive - Mahala.Ms/Uni/COS 214/WorksOnMyMachineTeam/src/Buildings/Industrial.cpp",
			"MU",
			null
		],
		[
			"C:/Users/seanv/OneDrive - Mahala.Ms/Uni/COS 214/WorksOnMyMachineTeam/src/Buildings/LandCCenter.cpp",
			"MU",
			null
		],
		[
			"C:/Users/seanv/OneDrive - Mahala.Ms/Uni/COS 214/WorksOnMyMachineTeam/src/Buildings/LandMark.cpp",
			"MU",
			null
		],
		[
			"C:/Users/seanv/OneDrive - Mahala.Ms/Uni/COS 214/WorksOnMyMachineTeam/src/Buildings/LandMonument.cpp",
			"MU",
			null
		],
		[
			"C:/Users/seanv/OneDrive - Mahala.Ms/Uni/COS 214/WorksOnMyMachineTeam/src/Buildings/LandPark.cpp",
			"MU",
			null
		],
		[
			"C:/Users/seanv/OneDrive - Mahala.Ms/Uni/COS 214/WorksOnMyMachineTeam/src/Buildings/ResEstate.cpp",
			"MU",
			null
		],
		[
			"C:/Users/seanv/OneDrive - Mahala.Ms/Uni/COS 214/WorksOnMyMachineTeam/src/Buildings/ResFlat.cpp",
			"MU",
			null
		],
		[
			"C:/Users/seanv/OneDrive - Mahala.Ms/Uni/COS 214/WorksOnMyMachineTeam/src/Buildings/ResHouse.cpp",
			"MU",
			null
		],
		[
			"C:/Users/seanv/OneDrive - Mahala.Ms/Uni/COS 214/WorksOnMyMachineTeam/src/Buildings/ResTownhouse.cpp",
			"MU",
			null
		],
		[
			"C:/Users/seanv/OneDrive - Mahala.Ms/Uni/COS 214/WorksOnMyMachineTeam/src/Buildings/Residential.cpp",
			"MU",
			null
		],
		[
			"C:/Users/seanv/OneDrive - Mahala.Ms/Uni/COS 214/WorksOnMyMachineTeam/src/Buildings/ServEducation.cpp",
			"MU",
			null
		],
		[
			"C:/Users/seanv/OneDrive - Mahala.Ms/Uni/COS 214/WorksOnMyMachineTeam/src/Buildings/ServEntertainment.cpp",
			"MU",
			null
		],
		[
			"C:/Users/seanv/OneDrive - Mahala.Ms/Uni/COS 214/WorksOnMyMachineTeam/src/Buildings/ServHospital.cpp",
			"MU",
			null
		],
		[
			"C:/Users/seanv/OneDrive - Mahala.Ms/Uni/COS 214/WorksOnMyMachineTeam/src/Buildings/ServSecurity.cpp",
			"MU",
			null
		],
		[
			"C:/Users/seanv/OneDrive - Mahala.Ms/Uni/COS 214/WorksOnMyMachineTeam/src/Buildings/Services.cpp",
			"MU",
			null
		],
		[
			"C:/Users/seanv/OneDrive - Mahala.Ms/Uni/COS 214/WorksOnMyMachineTeam/src/Citizens/Citizen.cpp",
			"MU",
			null
		],
		[
			"C:/Users/seanv/OneDrive - Mahala.Ms/Uni/COS 214/WorksOnMyMachineTeam/src/Citizens/CitizenNameGen.cpp",
			"MU",
			null
		],
		[
			"C:/Users/seanv/OneDrive - Mahala.Ms/Uni/COS 214/WorksOnMyMachineTeam/src/Citizens/CitizenStates/Content.cpp",
			"MU",
			null
		],
		[
			"C:/Users/seanv/OneDrive - Mahala.Ms/Uni/COS 214/WorksOnMyMachineTeam/src/Citizens/CitizenStates/Discontent.cpp",
			"MU",
			null
		],
		[
			"C:/Users/seanv/OneDrive - Mahala.Ms/Uni/COS 214/WorksOnMyMachineTeam/src/Citizens/CitizenStates/Happy.cpp",
			"MU",
			null
		],
		[
			"C:/Users/seanv/OneDrive - Mahala.Ms/Uni/COS 214/WorksOnMyMachineTeam/src/Citizens/CitizenStates/Indifferent.cpp",
			"MU",
			null
		],
		[
			"C:/Users/seanv/OneDrive - Mahala.Ms/Uni/COS 214/WorksOnMyMachineTeam/src/Citizens/CitizenStates/Upset.cpp",
			"MU",
			null
		],
		[
			"C:/Users/seanv/OneDrive - Mahala.Ms/Uni/COS 214/WorksOnMyMachineTeam/src/Citizens/CityBlock.cpp",
			"MU",
			null
		],
		[
			"C:/Users/seanv/OneDrive - Mahala.Ms/Uni/COS 214/WorksOnMyMachineTeam/src/Citizens/CityCentralMediator.cpp",
			"MU",
			null
		],
		[
			"C:/Users/seanv/OneDrive - Mahala.Ms/Uni/COS 214/WorksOnMyMachineTeam/src/Government+Tax/AllocateTaxCommand.cpp",
			"MU",
			null
		],
		[
			"C:/Users/seanv/OneDrive - Mahala.Ms/Uni/COS 214/WorksOnMyMachineTeam/src/Government+Tax/CitizenTaxAB.cpp",
			"MU",
			null
		],
		[
			"C:/Users/seanv/OneDrive - Mahala.Ms/Uni/COS 214/WorksOnMyMachineTeam/src/Government+Tax/CityStructure.cpp",
			"MU",
			null
		],
		[
			"C:/Users/seanv/OneDrive - Mahala.Ms/Uni/COS 214/WorksOnMyMachineTeam/src/Government+Tax/CollectTaxCommand.cpp",
			"MU",
			null
		],
		[
			"C:/Users/seanv/OneDrive - Mahala.Ms/Uni/COS 214/WorksOnMyMachineTeam/src/Government+Tax/Government.cpp",
			"MU",
			null
		],
		[
			"C:/Users/seanv/OneDrive - Mahala.Ms/Uni/COS 214/WorksOnMyMachineTeam/src/Government+Tax/HealthPolicy.cpp",
			"MU",
			null
		],
		[
			"C:/Users/seanv/OneDrive - Mahala.Ms/Uni/COS 214/WorksOnMyMachineTeam/src/Government+Tax/InfrastructurePolicy.cpp",
			"MU",
			null
		],
		[
			"C:/Users/seanv/OneDrive - Mahala.Ms/Uni/COS 214/WorksOnMyMachineTeam/src/Government+Tax/SetTaxRateCommand.cpp",
			"MU",
			null
		],
		[
			"C:/Users/seanv/OneDrive - Mahala.Ms/Uni/COS 214/WorksOnMyMachineTeam/src/Government+Tax/TaxAllocationHandler.cpp",
			"MU",
			null
		],
		[
			"C:/Users/seanv/OneDrive - Mahala.Ms/Uni/COS 214/WorksOnMyMachineTeam/src/Government+Tax/TaxCollectionHandler.cpp",
			"MU",
			null
		],
		[
			"C:/Users/seanv/OneDrive - Mahala.Ms/Uni/COS 214/WorksOnMyMachineTeam/src/Government+Tax/TaxHandler.cpp",
			"MU",
			null
		],
		[
			"C:/Users/seanv/OneDrive - Mahala.Ms/Uni/COS 214/WorksOnMyMachineTeam/src/Government+Tax/TaxManager.cpp",
			"MU",
			null
		],
		[
			"C:/Users/seanv/OneDrive - Mahala.Ms/Uni/COS 214/WorksOnMyMachineTeam/src/Government+Tax/TaxRateHandler.cpp",
			"MU",
			null
		],
		[
			"C:/Users/seanv/OneDrive - Mahala.Ms/Uni/COS 214/WorksOnMyMachineTeam/src/Transport/RoadComponent.cpp",
			"MU",
			null
		],
		[
			"C:/Users/seanv/OneDrive - Mahala.Ms/Uni/COS 214/WorksOnMyMachineTeam/src/Transport/RoadComponentTypes/Highways.cpp",
			"MU",
			null
		],
		[
			"C:/Users/seanv/OneDrive - Mahala.Ms/Uni/COS 214/WorksOnMyMachineTeam/src/Transport/RoadComponentTypes/MainRoads.cpp",
			"MU",
			null
		],
		[
			"C:/Users/seanv/OneDrive - Mahala.Ms/Uni/COS 214/WorksOnMyMachineTeam/src/Transport/RoadComponentTypes/ResidentialStreets.cpp",
			"MU",
			null
		],
		[
			"C:/Users/seanv/OneDrive - Mahala.Ms/Uni/COS 214/WorksOnMyMachineTeam/src/Transport/RoadComponentTypes/RoadsComposite.cpp",
			"MU",
			null
		],
		[
			"C:/Users/seanv/OneDrive - Mahala.Ms/Uni/COS 214/WorksOnMyMachineTeam/src/Transport/RoadIterators/RoadIteratorCon.cpp",
			"MU",
			null
		],
		[
			"C:/Users/seanv/OneDrive - Mahala.Ms/Uni/COS 214/WorksOnMyMachineTeam/src/Transport/RoadStates/Congested.cpp",
			"MU",
			null
		],
		[
			"C:/Users/seanv/OneDrive - Mahala.Ms/Uni/COS 214/WorksOnMyMachineTeam/src/Transport/RoadStates/UnderConstruction.cpp",
			"MU",
			null
		],
		[
			"C:/Users/seanv/OneDrive - Mahala.Ms/Uni/COS 214/WorksOnMyMachineTeam/src/Transport/RoadStates/WorkingNoIssues.cpp",
			"MU",
			null
		],
		[
			"C:/Users/seanv/OneDrive - Mahala.Ms/Uni/COS 214/WorksOnMyMachineTeam/src/Utilities/UtilPowerPlants.cpp",
			"MU",
			null
		],
		[
			"C:/Users/seanv/OneDrive - Mahala.Ms/Uni/COS 214/WorksOnMyMachineTeam/src/Utilities/UtilSewageSyst.cpp",
			"MU",
			null
		],
		[
			"C:/Users/seanv/OneDrive - Mahala.Ms/Uni/COS 214/WorksOnMyMachineTeam/src/Utilities/UtilWasteMan.cpp",
			"MU",
			null
		],
		[
			"C:/Users/seanv/OneDrive - Mahala.Ms/Uni/COS 214/WorksOnMyMachineTeam/src/Utilities/UtilWaterSupplly.cpp",
			"MU",
			null
		],
		[
			"C:/Users/seanv/OneDrive - Mahala.Ms/Uni/COS 214/WorksOnMyMachineTeam/src/Utilities/UtilityManager.cpp",
			"MU",
			null
		],
		[
			"C:/Users/seanv/OneDrive - Mahala.Ms/Uni/COS 214/WorksOnMyMachineTeam/src/resources.cpp",
			"MU",
			null
		]
	],
	"UIC_OPTIONS" : [],
	"UIC_SEARCH_PATHS" : [],
	"UIC_SKIP" : [],
	"UIC_UI_FILES" : [],
	"USE_BETTER_GRAPH" : false,
	"VERBOSITY" : 0
}
